"state1","place1","mi_to_place","state2","place2"
"0","0","8356.833286405903","0","1"
"0","0","209.7434783238183","0","2"
"0","1","7273.3444188867425","0","0"
"0","1","4727.911598696233","0","2"
"0","2","3635.2370547231876","0","0"
"0","2","3592.270773070816","0","1"
